"Title","Genre","Premiere","Network","ImdbRating","ImdbVotes","ImdbId","WikidataQid","ChangeType","SeenThisRun","FirstSeen","LastSeen","PrevImdbRating","PrevImdbVotes","DeltaRating","DeltaVotes"
"A Knight of the Seven Kingdoms","Fantasy","January 18, 2026","HBO","8.8","192087","tt27497448","Q120277524","Stale","No","2026-03-05T15:07:21.2015906Z","2026-03-05T15:07:21.2015906Z","","","",""
"TNA Thursday Night Impact!","Professional wrestling","January 15, 2026","Unknown","IMDb not found","","","Q64160","Stale","No","2026-03-05T15:07:21.2015906Z","2026-03-05T15:07:21.2015906Z","","","",""
"Judy Justice (season 4)","Arbitration-based reality court show","January 19, 2026","Amazon Prime Video","IMDb not found","","","Q97704102","Stale","No","2026-03-05T15:07:21.2015906Z","2026-03-05T15:07:21.2015906Z","","","",""
"Star Search (season 15)","Talent show","January 20, 2026","Netflix","IMDb not found","","","Q687284","Stale","No","2026-03-05T15:07:21.2015906Z","2026-03-05T15:07:21.2015906Z","","","",""
"Madam Beja","Historical telenovela","February 2, 2026","HBO Max","IMDb not found","","","","Stale","No","2026-04-05T12:18:04.8942132Z","2026-04-05T12:18:04.8942132Z","","","",""
"Cash Queens","Crime thriller","February 5, 2026","Netflix","IMDb not found","","","","Stale","No","2026-04-05T12:18:04.8942132Z","2026-04-05T12:18:04.8942132Z","","","",""
"Unfamiliar","Crime drama","February 5, 2026","Netflix","IMDb not found","","","","Stale","No","2026-04-05T12:18:04.8942132Z","2026-04-05T12:18:04.8942132Z","","","",""
"Salvador","Action drama","February 6, 2026","Netflix","IMDb not found","","","Q137697729","Stale","No","2026-04-05T12:18:04.8942132Z","2026-04-05T12:18:04.8942132Z","","","",""
"The 'Burbs","Black comedy","February 8, 2026","Peacock","IMDb not found","","","Q136504901","Stale","No","2026-04-05T12:18:04.8942132Z","2026-04-05T12:18:04.8942132Z","","","",""
"Motorvalley","Sports drama","February 10, 2026","Netflix","IMDb not found","","","","Stale","No","2026-04-05T12:18:04.8942132Z","2026-04-05T12:18:04.8942132Z","","","",""
"The Artful Dodger (season 2)","Historical heist drama","February 10, 2026","Hulu","IMDb not found","","","Q122496498","Stale","No","2026-04-05T12:18:04.8942132Z","2026-04-05T12:18:04.8942132Z","","","",""
"Battle of Fates","Reality competition","February 11, 2026","Hulu","IMDb not found","","","","Stale","No","2026-04-05T12:18:04.8942132Z","2026-04-05T12:18:04.8942132Z","","","",""
"Can You Keep a Secret?","Sitcom","February 12, 2026","Paramount+","IMDb not found","","","Q133264471","Stale","No","2026-04-05T12:18:04.8942132Z","2026-04-05T12:18:04.8942132Z","","","",""
"How to Get to Heaven from Belfast","Comedy drama","February 12, 2026","Netflix","IMDb not found","","","Q129101587","Stale","No","2026-04-05T12:18:04.8942132Z","2026-04-05T12:18:04.8942132Z","","","",""
"Love Story","Period romance anthology","February 12, 2026","Unknown","IMDb not found","","","Q134430340","Stale","No","2026-04-05T12:18:04.8942132Z","2026-04-05T12:18:04.8942132Z","","","",""
"Love Story","Period romance anthology","February 12, 2026","Hulu","IMDb not found","","","Q134430340","Stale","No","2026-04-05T12:18:04.8942132Z","2026-04-05T12:18:04.8942132Z","","","",""
"Million-Follower Detective","Crime thriller","February 12, 2026","Netflix","IMDb not found","","","Q118140521","Stale","No","2026-04-05T12:18:04.8942132Z","2026-04-05T12:18:04.8942132Z","","","",""
"Neighbors","Interpersonal conflict","February 13, 2026","HBO","IMDb not found","","","Q138141043","Stale","No","2026-04-05T12:18:04.8942132Z","2026-04-05T12:18:04.8942132Z","","","",""
"56 Days","Erotic thriller","February 18, 2026","Amazon Prime Video","IMDb not found","","","Q131782918","Stale","No","2026-04-05T12:18:04.8942132Z","2026-04-05T12:18:04.8942132Z","","","",""
"Banksters","Heist drama","February 20, 2026","HBO Max","IMDb not found","","","","Stale","No","2026-04-05T12:18:04.8942132Z","2026-04-05T12:18:04.8942132Z","","","",""
"Strip Law","Comedy","February 20, 2026","Netflix","IMDb not found","","","Q135943614","Stale","No","2026-04-05T12:18:04.8942132Z","2026-04-05T12:18:04.8942132Z","","","",""
"The CEO Club","Docu-reality","February 23, 2026","Amazon Prime Video","IMDb not found","","","","Stale","No","2026-04-05T12:18:04.8942132Z","2026-04-05T12:18:04.8942132Z","","","",""
"Baki-Dou: The Invincible Samurai","Martial arts","February 26, 2026","Netflix","IMDb not found","","","Q1197213","Stale","No","2026-04-05T12:18:04.8942132Z","2026-04-05T12:18:04.8942132Z","","","",""
"Crap Happens","Comedy","February 26, 2026","Netflix","IMDb not found","","","","Stale","No","2026-04-05T12:18:04.8942132Z","2026-04-05T12:18:04.8942132Z","","","",""
"House of Villains (season 3)","Reality competition","February 26, 2026","Peacock","IMDb not found","","","Q122899427","Stale","No","2026-04-05T12:18:04.8942132Z","2026-04-05T12:18:04.8942132Z","","","",""
"American Classic","Comedy","March 1, 2026","MGM+","IMDb not found","","","Q135268084","Stale","No","2026-04-05T12:18:04.8942132Z","2026-04-05T12:18:04.8942132Z","","","",""
"DTF St. Louis","Dark comedy","March 1, 2026","HBO","IMDb not found","","","Q135984044","Stale","No","2026-04-05T12:18:04.8942132Z","2026-04-05T12:18:04.8942132Z","","","",""
"Blue Therapy","Relationship docu-reality","March 4, 2026","Netflix","IMDb not found","","","","Stale","No","2026-05-01T18:32:47.1500853Z","2026-05-01T21:54:00.6944106Z","IMDb not found","","",""
"Doc","Medical telenovela","March 4, 2026","Netflix","IMDb not found","","","Q224299","Stale","No","2026-05-01T18:32:47.1500853Z","2026-05-01T21:54:00.6944106Z","IMDb not found","","",""
"The Hunt","Thriller","March 4, 2026","Apple TV+","IMDb not found","","","","Stale","No","2026-05-01T18:32:47.1500853Z","2026-05-01T21:54:00.6944106Z","IMDb not found","","",""
"Young Sherlock","Mystery thriller","March 4, 2026","Amazon Prime Video","IMDb not found","","","","Stale","No","2026-05-01T18:32:47.1500853Z","2026-05-01T21:54:00.6944106Z","IMDb not found","","",""
"Hello Bachhon","Drama","March 6, 2026","Netflix","IMDb not found","","","Q138941116","Stale","No","2026-05-01T18:32:47.1500853Z","2026-05-01T21:54:00.6944106Z","IMDb not found","","",""
"Rooster","Comedy","March 8, 2026","HBO","IMDb not found","","","","Stale","No","2026-05-01T18:32:47.1500853Z","2026-05-01T21:54:00.6944106Z","IMDb not found","","",""
"Age of Attraction","Dating show","March 11, 2026","Netflix","IMDb not found","","","Q138713107","Stale","No","2026-05-01T18:32:47.1500853Z","2026-05-01T21:54:00.6944106Z","IMDb not found","","",""
"Scarpetta","Crime drama","March 11, 2026","Amazon Prime Video","IMDb not found","","","","Stale","No","2026-05-01T18:32:47.1500853Z","2026-05-01T21:54:00.6944106Z","IMDb not found","","",""
"La oficina","Sitcom","March 13, 2026","Amazon Prime Video","IMDb not found","","","","Stale","No","2026-05-01T18:32:47.1500853Z","2026-05-01T21:54:00.6944106Z","IMDb not found","","",""
"Mira: Life After Divorce","Drama","March 13, 2026","HBO Max","IMDb not found","","","","Stale","No","2026-05-01T18:32:47.1500853Z","2026-05-01T21:54:00.6944106Z","IMDb not found","","",""
"The Madison","Neo-Western","March 14, 2026","Paramount+","IMDb not found","","","","Stale","No","2026-05-01T18:32:47.1500853Z","2026-05-01T21:54:00.6944106Z","IMDb not found","","",""
"One Piece Bonus Content","Behind the scenes","March 17, 2026","Netflix","IMDb not found","","","Q109526557","Stale","No","2026-05-01T18:32:47.1500853Z","2026-05-01T21:54:00.6944106Z","IMDb not found","","",""
"O11CE: New Generation","Teen sports drama","March 18, 2026","Disney+","IMDb not found","","","","Stale","No","2026-05-01T18:32:47.1500853Z","2026-05-01T21:54:00.6944106Z","IMDb not found","","",""
"Radioactive Emergency","Historical drama","March 18, 2026","Netflix","IMDb not found","","","","Stale","No","2026-05-01T18:32:47.1500853Z","2026-05-01T21:54:00.6944106Z","IMDb not found","","",""
"Unicorn Academy: Secrets Revealed","Fantasy action-adventure","March 19, 2026","Netflix","IMDb not found","","","Q124094274","Stale","No","2026-05-01T18:32:47.1500853Z","2026-05-01T21:54:00.6944106Z","IMDb not found","","",""
"Animal Love","Crime drama","March 20, 2026","Amazon Prime Video","IMDb not found","","","","Stale","No","2026-05-01T18:32:47.1500853Z","2026-05-01T21:54:00.6944106Z","IMDb not found","","",""
"Jury Duty (season 2)","Mockumentary","March 20, 2026","Amazon Prime Video","IMDb not found","","","","Stale","No","2026-05-01T18:32:47.1500853Z","2026-05-01T21:54:00.6944106Z","IMDb not found","","",""
"Lucky Luke","Action adventure comedy Western","March 23, 2026","Disney+","IMDb not found","","","","Stale","No","2026-05-01T18:32:47.1500853Z","2026-05-01T21:54:00.6944106Z","IMDb not found","","",""
"Ready or Not: Texas","Travel docu-reality","March 24, 2026","Netflix","IMDb not found","","","","Stale","No","2026-05-01T18:32:47.1500853Z","2026-05-01T21:54:00.6944106Z","IMDb not found","","",""
"Bait","Comedy","March 25, 2026","Amazon Prime Video","IMDb not found","","","","Stale","No","2026-05-01T18:32:47.1500853Z","2026-05-01T21:54:00.6944106Z","IMDb not found","","",""
"Jo Nesbø's Detective Hole","Crime drama","March 26, 2026","Netflix","IMDb not found","","","Q126415900","Stale","No","2026-05-01T18:32:47.1500853Z","2026-05-01T21:54:00.6944106Z","IMDb not found","","",""
"Love Overboard","Dating show","March 26, 2026","Hulu","IMDb not found","","","","Stale","No","2026-05-01T18:32:47.1500853Z","2026-05-01T21:54:00.6944106Z","IMDb not found","","",""
"Something Very Bad Is Going to Happen","Horror","March 26, 2026","Netflix","IMDb not found","","","Q136207045","Stale","No","2026-05-01T18:32:47.1500853Z","2026-05-01T21:54:00.6944106Z","IMDb not found","","",""
"Privileges","Thriller","March 27, 2026","HBO Max","IMDb not found","","","","Stale","No","2026-05-01T18:32:47.1500853Z","2026-05-01T21:54:00.6944106Z","IMDb not found","","",""
"Agent from Above","Action fantasy","April 2, 2026","Netflix","IMDb not found","","","","Stale","No","2026-06-05T01:14:10.1362983Z","2026-06-05T01:14:10.1362983Z","","","",""
"Alkhallat+: The Series","Comedy","April 2, 2026","Netflix","IMDb not found","","","","Stale","No","2026-06-05T01:14:10.1362983Z","2026-06-05T01:14:10.1362983Z","","","",""
"Raising Chelsea","Reality","April 2, 2026","Hulu","IMDb not found","","","","Stale","No","2026-06-05T01:14:10.1362983Z","2026-06-05T01:14:10.1362983Z","","","",""
"Sins of Kujo","Crime thriller/Legal drama","April 2, 2026","Netflix","IMDb not found","","","Q109359782","Stale","No","2026-06-05T01:14:10.1362983Z","2026-06-05T01:14:10.1362983Z","","","",""
"Maa Ka Sum","Drama","April 3, 2026","Amazon Prime Video","IMDb not found","","","","Stale","No","2026-06-05T01:14:10.1362983Z","2026-06-05T01:14:10.1362983Z","","","",""
"Star Wars: Maul – Shadow Lord","Space opera","April 6, 2026","Disney+","IMDb not found","","","","Stale","No","2026-06-05T01:14:10.1362983Z","2026-06-05T01:14:10.1362983Z","","","",""
"The Testaments","Dystopian drama","April 8, 2026","Hulu","IMDb not found","","","","Stale","No","2026-06-05T01:14:10.1362983Z","2026-06-05T01:14:10.1362983Z","","","",""
"Bandi","Crime thriller","April 9, 2026","Netflix","IMDb not found","","","Q353114","Stale","No","2026-06-05T01:14:10.1362983Z","2026-06-05T01:14:10.1362983Z","","","",""
"Big Mistakes","Crime comedy","April 9, 2026","Netflix","IMDb not found","","","Q135984985","Stale","No","2026-06-05T01:14:10.1362983Z","2026-06-05T01:14:10.1362983Z","","","",""
"The Miniature Wife","Romantic comedy drama","April 9, 2026","Peacock","IMDb not found","","","","Stale","No","2026-06-05T01:14:10.1362983Z","2026-06-05T01:14:10.1362983Z","","","",""
"The Audacity","Drama","April 12, 2026","Unknown","IMDb not found","","","","Stale","No","2026-06-05T01:14:10.1362983Z","2026-06-05T01:14:10.1362983Z","","","",""
"Divorced Sistas (season 1B)","Comedy drama","April 15, 2026","Paramount+","IMDb not found","","","","Stale","No","2026-06-05T01:14:10.1362983Z","2026-06-05T01:14:10.1362983Z","","","",""
"Made with Love","Romantic comedy","April 15, 2026","Netflix","IMDb not found","","","","Stale","No","2026-06-05T01:14:10.1362983Z","2026-06-05T01:14:10.1362983Z","","","",""
"Margo's Got Money Troubles","Comedy drama","April 15, 2026","Apple TV+","IMDb not found","","","","Stale","No","2026-06-05T01:14:10.1362983Z","2026-06-05T01:14:10.1362983Z","","","",""
"Dandelion","Supernatural comedy","April 16, 2026","Netflix","IMDb not found","","","Q138498504","Stale","No","2026-06-05T01:14:10.1362983Z","2026-06-05T01:14:10.1362983Z","","","",""
"American Gladiators","Reality competition","April 17, 2026","Amazon Prime Video","IMDb not found","","","","Stale","No","2026-06-05T01:14:10.1362983Z","2026-06-05T01:14:10.1362983Z","","","",""
"Matka King","Historical crime drama","April 17, 2026","Amazon Prime Video","IMDb not found","","","","Stale","No","2026-06-05T01:14:10.1362983Z","2026-06-05T01:14:10.1362983Z","","","",""
"Funny AF with Kevin Hart","Stand-up comedy competition","April 20, 2026","Netflix","IMDb not found","","","","Stale","No","2026-06-05T01:14:10.1362983Z","2026-06-05T01:14:10.1362983Z","","","",""
"Kevin","Comedy","April 20, 2026","Amazon Prime Video","IMDb not found","","","","Stale","No","2026-06-05T01:14:10.1362983Z","2026-06-05T01:14:10.1362983Z","","","",""
"Mazatlán Shore","Reality","April 21, 2026","Paramount+","IMDb not found","","","","Stale","No","2026-06-05T01:14:10.1362983Z","2026-06-05T01:14:10.1362983Z","","","",""
"Unchosen","Psychological thriller","April 21, 2026","Netflix","IMDb not found","","","Q130271378","Stale","No","2026-06-05T01:14:10.1362983Z","2026-06-05T01:14:10.1362983Z","","","",""
"Santita","Drama","April 22, 2026","Netflix","IMDb not found","","","","Stale","No","2026-06-05T01:14:10.1362983Z","2026-06-05T01:14:10.1362983Z","","","",""
"Flunked","Comedy","April 23, 2026","Netflix","IMDb not found","","","Q5462784","Stale","No","2026-06-05T01:14:10.1362983Z","2026-06-05T01:14:10.1362983Z","","","",""
"Stranger Things: Tales from '85","Science fiction horror","April 23, 2026","Netflix","IMDb not found","","","Q134100225","Stale","No","2026-06-05T01:14:10.1362983Z","2026-06-05T01:14:10.1362983Z","","","",""
"My Brother the Minotaur","Mystery fantasy","April 24, 2026","Apple TV+","IMDb not found","","","","Stale","No","2026-06-05T01:14:10.1362983Z","2026-06-05T01:14:10.1362983Z","","","",""
"Naughty Business","Dark comedy","April 24, 2026","Amazon Prime Video","IMDb not found","","","","Stale","No","2026-06-05T01:14:10.1362983Z","2026-06-05T01:14:10.1362983Z","","","",""
"Straight to Hell","Biopic/Crime drama","April 27, 2026","Netflix","IMDb not found","","","","Stale","No","2026-06-05T01:14:10.1362983Z","2026-06-05T01:14:10.1362983Z","","","",""
"The House of the Spirits","Historical drama/Magical realism","April 29, 2026","Amazon Prime Video","IMDb not found","","","","Stale","No","2026-06-05T01:14:10.1362983Z","2026-06-05T01:14:10.1362983Z","","","",""
"Widow's Bay","Horror comedy","April 29, 2026","Apple TV+","IMDb not found","","","","Stale","No","2026-06-05T01:14:10.1362983Z","2026-06-05T01:14:10.1362983Z","","","",""
"Circuits in Focus","F1 pre-race show","April 30, 2026","Apple TV+","IMDb not found","","","","Stale","No","2026-06-05T01:14:10.1362983Z","2026-06-05T01:14:10.1362983Z","","","",""
"Man on Fire","Action thriller","April 30, 2026","Netflix","IMDb not found","","","Q134599078","Stale","No","2026-06-05T01:14:10.1362983Z","2026-06-05T01:14:10.1362983Z","","","",""
"The Boss (season 4)","Comedy drama","April 30, 2026","Hulu","IMDb not found","","","","Stale","No","2026-06-05T01:14:10.1362983Z","2026-06-05T01:14:10.1362983Z","","","",""
"Glory","Sports drama","May 1, 2026","Netflix","IMDb not found","","","Q25114","Stale","No","2026-06-05T01:14:10.1362983Z","2026-06-05T01:14:10.1362983Z","","","",""
"Impure (season 6)","Crime drama","May 1, 2026","Hulu","IMDb not found","","","","Stale","No","2026-06-05T01:14:10.1362983Z","2026-06-05T01:14:10.1362983Z","","","",""
"The Artist","Murder mystery","May 1, 2026","MGM+","IMDb not found","","","","Stale","No","2026-06-05T01:14:10.1362983Z","2026-06-05T01:14:10.1362983Z","","","",""
"The Glass House","Comedy drama","May 1, 2026","Amazon Prime Video","IMDb not found","","","","Stale","No","2026-06-05T01:14:10.1362983Z","2026-06-05T01:14:10.1362983Z","","","",""
"Travis Japan Summer Vacation! ! in the USA","Travel docuseries","May 1, 2026","Disney+","IMDb not found","","","","Stale","No","2026-06-05T01:14:10.1362983Z","2026-06-05T01:14:10.1362983Z","","","",""
"Designed to Last","Design competition","May 5, 2026","Hulu","IMDb not found",,,,"Unchanged","Yes","2026-07-02T00:46:46.0747253Z","2026-07-02T00:47:42.2036676Z","IMDb not found","",,
"Love Is Blind: Poland","Dating show","May 6, 2026","Netflix","IMDb not found",,,"Q140001273","Unchanged","Yes","2026-07-02T00:46:46.0747253Z","2026-07-02T00:47:42.2036676Z","IMDb not found","",,
"Legends","Crime drama","May 7, 2026","Netflix","IMDb not found",,,,"Unchanged","Yes","2026-07-02T00:46:46.0747253Z","2026-07-02T00:47:42.2036676Z","IMDb not found","",,
"M.I.A.","Crime drama","May 7, 2026","Peacock","IMDb not found",,,,"Unchanged","Yes","2026-07-02T00:46:46.0747253Z","2026-07-02T00:47:42.2036676Z","IMDb not found","",,
"In Utero","Medical drama","May 8, 2026","HBO Max","IMDb not found",,,,"Unchanged","Yes","2026-07-02T00:46:46.0747253Z","2026-07-02T00:47:42.2036676Z","IMDb not found","",,
"Love Is Never Gone","Romantic drama","May 8, 2026","Amazon Prime Video","IMDb not found",,,,"Unchanged","Yes","2026-07-02T00:46:46.0747253Z","2026-07-02T00:47:42.2036676Z","IMDb not found","",,
"Lukkhe","Crime drama","May 8, 2026","Amazon Prime Video","IMDb not found",,,,"Unchanged","Yes","2026-07-02T00:46:46.0747253Z","2026-07-02T00:47:42.2036676Z","IMDb not found","",,
"Pop Culture Jeopardy! (season 2)","Game show","May 11, 2026","Netflix","IMDb not found",,,,"Unchanged","Yes","2026-07-02T00:46:46.0747253Z","2026-07-02T00:47:42.2036676Z","IMDb not found","",,
"Zatima (season 4B)","Comedy drama","May 12, 2026","Paramount+","IMDb not found",,,,"Unchanged","Yes","2026-07-02T00:46:46.0747253Z","2026-07-02T00:47:42.2036676Z","IMDb not found","",,
"Between Father and Son","Drama","May 13, 2026","Netflix","IMDb not found",,,,"Unchanged","Yes","2026-07-02T00:46:46.0747253Z","2026-07-02T00:47:42.2036676Z","IMDb not found","",,
"Off Campus","Young adult romance","May 13, 2026","Amazon Prime Video","IMDb not found",,,,"Unchanged","Yes","2026-07-02T00:46:46.0747253Z","2026-07-02T00:47:42.2036676Z","IMDb not found","",,
"Nemesis","Action heist","May 14, 2026","Netflix","IMDb not found",,,"Q185747","Unchanged","Yes","2026-07-02T00:46:46.0747253Z","2026-07-02T00:47:42.2036676Z","IMDb not found","",,
"Dutton Ranch","Neo-Western","May 15, 2026","Paramount+","IMDb not found",,,,"Unchanged","Yes","2026-07-02T00:46:46.0747253Z","2026-07-02T00:47:42.2036676Z","IMDb not found","",,
"Rivals (season 2)","Dark comedy drama","May 15, 2026","Hulu","IMDb not found",,,,"Unchanged","Yes","2026-07-02T00:46:46.0747253Z","2026-07-02T00:47:42.2036676Z","IMDb not found","",,
"Welcome to Wrexham (season 5)","Sports docuseries","May 15, 2026","Hulu","IMDb not found",,,,"Unchanged","Yes","2026-07-02T00:46:46.0747253Z","2026-07-02T00:47:42.2036676Z","IMDb not found","",,
"Carizzma","Comedy","May 20, 2026","Netflix","IMDb not found",,,,"Unchanged","Yes","2026-07-02T00:46:46.0747253Z","2026-07-02T00:47:42.2036676Z","IMDb not found","",,
"Desi Bling","Docu-reality","May 20, 2026","Netflix","IMDb not found",,,,"Unchanged","Yes","2026-07-02T00:46:46.0747253Z","2026-07-02T00:47:42.2036676Z","IMDb not found","",,
"Maximum Pleasure Guaranteed","Comedy thriller","May 20, 2026","Apple TV+","IMDb not found",,,,"Unchanged","Yes","2026-07-02T00:46:46.0747253Z","2026-07-02T00:47:42.2036676Z","IMDb not found","",,
"The Oval (season 7)","Political soap opera","May 20, 2026","Paramount+","IMDb not found",,,,"Unchanged","Yes","2026-07-02T00:46:46.0747253Z","2026-07-02T00:47:42.2036676Z","IMDb not found","",,
"Mating Season","Comedy","May 22, 2026","Netflix","IMDb not found",,,"Q139387446","Unchanged","Yes","2026-07-02T00:46:46.0747253Z","2026-07-02T00:47:42.2036676Z","IMDb not found","",,
"The Vampire Lestat: After Dark","Aftershow","May 24, 2026","Unknown","IMDb not found",,,,"Unchanged","Yes","2026-07-02T00:46:46.0747253Z","2026-07-02T00:47:42.2036676Z","IMDb not found","",,
"Spider-Noir","Superhero drama","May 25, 2026","MGM+","IMDb not found",,,,"Unchanged","Yes","2026-07-02T00:46:46.0747253Z","2026-07-02T00:47:42.2036676Z","IMDb not found","",,
"Jae-seok's B&B Rules!","Docu-reality","May 26, 2026","Netflix","IMDb not found",,,,"Unchanged","Yes","2026-07-02T00:46:46.0747253Z","2026-07-02T00:47:42.2036676Z","IMDb not found","",,
"Spider-Noir","Superhero noir","May 27, 2026","Amazon Prime Video","IMDb not found",,,,"Unchanged","Yes","2026-07-02T00:46:46.0747253Z","2026-07-02T00:47:42.2036676Z","IMDb not found","",,
"Brazil 70: The Third Star","Historical sports drama","May 29, 2026","Netflix","IMDb not found",,,"Q137053047","Unchanged","Yes","2026-07-02T00:46:46.0747253Z","2026-07-02T00:47:42.2036676Z","IMDb not found","",,
"Calabasas Confidential","Docu-reality","May 29, 2026","Netflix","IMDb not found",,,,"Unchanged","Yes","2026-07-02T00:46:46.0747253Z","2026-07-02T00:47:42.2036676Z","IMDb not found","",,
"Star City","Alternate history science fiction","May 29, 2026","Apple TV+","IMDb not found",,,,"Unchanged","Yes","2026-07-02T00:46:46.0747253Z","2026-07-02T00:47:42.2036676Z","IMDb not found","",,
