"Rank","Author","Genre","AuthorAvg","Title","SeriesName","SeriesNum","SeriesAvg","PubYear","Pages","AgeCategory","AvgRating","ReviewCount","EstimatedStartDate","EstimatedCompletionDate","Url"
"1","Adam Higginbotham","Other","4.44","Midnight in Chernobyl: The Untold Story of the World's Greatest Nuclear Disaster",,,,"2019","538",,"4.37","65589",,,"https://www.goodreads.com/book/show/40538681-midnight-in-chernobyl"
"1","Adam Higginbotham","Other","4.44","Challenger: A True Story of Heroism and Disaster on the Edge of Space",,,,"2024","563",,"4.51","19111",,,"https://www.goodreads.com/book/show/199798785-challenger"
"2","Bessel van der Kolk","Other","4.35","The Body Keeps the Score: Brain, Mind, and Body in the Healing of Trauma",,,,"2014","464",,"4.35","284541",,,"https://www.goodreads.com/book/show/18693771-the-body-keeps-the-score"
"3","David Foster Wallace","Other","4.22","A Supposedly Fun Thing I'll Never Do Again:  Essays and Arguments",,,,"1923","353",,"4.13","54696",,,"https://www.goodreads.com/book/show/6748.A_Supposedly_Fun_Thing_I_ll_Never_Do_Again"
"3","David Foster Wallace","Other","4.22","Consider the Lobster and Other Essays",,,,"1923","343",,"4.18","54364",,,"https://www.goodreads.com/book/show/6751.Consider_the_Lobster_and_Other_Essays"
"3","David Foster Wallace","Other","4.22","Infinite Jest",,,,"1923","1088",,"4.25","101977",,,"https://www.goodreads.com/book/show/6759.Infinite_Jest"
"3","David Foster Wallace","Other","4.22","Oblivion",,,,"1923","329",,"4.07","15934",,,"https://www.goodreads.com/book/show/6749.Oblivion"
"3","David Foster Wallace","Other","4.22","This Is Water: Some Thoughts, Delivered on a Significant Occasion, about Living a Compassionate Life",,,,"1923","138",,"4.47","38798",,,"https://www.goodreads.com/book/show/5986375-this-is-water"
"4","Yuval Noah Harari","Other","4.205","Sapiens: A Brief History of Humankind",,,,"2011","512",,"4.33","1270902",,,"https://www.goodreads.com/book/show/23692271-sapiens"
"4","Yuval Noah Harari","Other","4.205","Homo Deus: A History of Tomorrow",,,,"2015","450",,"4.18","288725",,,"https://www.goodreads.com/book/show/31138556-homo-deus"
"4","Yuval Noah Harari","Other","4.205","21 Lessons for the 21st Century",,,,"2018","372",,"4.15","178323",,,"https://www.goodreads.com/book/show/38820046-21-lessons-for-the-21st-century"
"4","Yuval Noah Harari","Other","4.205","Nexus: A Brief History of Information Networks from the Stone Age to AI",,,,"2024","528",,"4.16","46901",,,"https://www.goodreads.com/book/show/204927599-nexus"
"5","Michael   Lewis","Other","4.203","Liar's Poker",,,,"1980","310",,"4.15","112441",,,"https://www.goodreads.com/book/show/7865083-liar-s-poker"
"5","Michael   Lewis","Other","4.203","Moneyball",,,,"2003","317",,"4.27","145247",,,"https://www.goodreads.com/book/show/1301.Moneyball"
"5","Michael   Lewis","Other","4.203","The Blind Side",,,,"2006","339",,"4.17","101083",,,"https://www.goodreads.com/book/show/817791.The_Blind_Side"
"5","Michael   Lewis","Other","4.203","The Big Short: Inside the Doomsday Machine",,,,"2010","291",,"4.3","171621",,,"https://www.goodreads.com/book/show/26889576-the-big-short"
"5","Michael   Lewis","Other","4.203","Flash Boys: A Wall Street Revolt",,,,"2014","304",,"4.14","90961",,,"https://www.goodreads.com/book/show/24724602-flash-boys"
"5","Michael   Lewis","Other","4.203","The Fifth Risk: Undoing Democracy",,,,"2018","255",,"4.09","48186",,,"https://www.goodreads.com/book/show/46266188-the-fifth-risk"
"5","Michael   Lewis","Other","4.203","The Premonition: A Pandemic Story",,,,"2018","304",,"4.32","43040",,,"https://www.goodreads.com/book/show/56790170-the-premonition"
"5","Michael   Lewis","Other","4.203","Who Is Government? The Untold Story of Public Service",,,,"2025","272",,"4.18","13698",,,"https://www.goodreads.com/book/show/219551344-who-is-government-the-untold-story-of-public-service"
"6","Stephen E. Ambrose","Other","4.201","Pegasus Bridge",,,,"1984","199",,"4.15","11258",,,"https://www.goodreads.com/book/show/49254.Pegasus_Bridge"
"6","Stephen E. Ambrose","Other","4.201","Eisenhower: Soldier and President",,,,"1990","635",,"4.03","12683",,,"https://www.goodreads.com/book/show/42519.Eisenhower"
"6","Stephen E. Ambrose","Other","4.201","Band of Brothers: E Company, 506th Regiment, 101st Airborne from Normandy to Hitler's Eagle's Nest",,,,"1992","432",,"4.44","139528",,,"https://www.goodreads.com/book/show/42389.Band_of_Brothers"
"6","Stephen E. Ambrose","Other","4.201","D-Day, June 6, 1944: The Battle for the Normandy Beaches",,,,"1994","656",,"4.31","31556",,,"https://www.goodreads.com/book/show/49250.D_Day_June_6_1944"
"6","Stephen E. Ambrose","Other","4.201","Undaunted Courage: The Pioneering First Mission to Explore America's Wild Frontier",,,,"1996","592",,"4.23","68067",,,"https://www.goodreads.com/book/show/45546.Undaunted_Courage"
"6","Stephen E. Ambrose","Other","4.201","Citizen Soldiers: The US Army from the Normandy Beaches to the Bulge to the Surrender of Germany",,,,"1997","528",,"4.25","24808",,,"https://www.goodreads.com/book/show/49251.Citizen_Soldiers"
"6","Stephen E. Ambrose","Other","4.201","The Wild Blue: The Men and Boys Who Flew the B-24s Over Germany 1944-45",,,,"2001","299",,"4","10915",,,"https://www.goodreads.com/book/show/487638.The_Wild_Blue"
"7","Walter Isaacson","Other","4.184","Einstein: His Life and Universe",,,,"1955","675",,"4.17","203186",,,"https://www.goodreads.com/book/show/10884.Einstein"
"7","Walter Isaacson","Other","4.184","Benjamin Franklin: An American Life",,,,"2003","586",,"4.05","150818",,,"https://www.goodreads.com/book/show/10883.Benjamin_Franklin"
"7","Walter Isaacson","Other","4.184","Steve Jobs",,,,"2011","630",,"4.16","1363903",,,"https://www.goodreads.com/book/show/11084145-steve-jobs"
"7","Walter Isaacson","Other","4.184","The Innovators: How a Group of Hackers, Geniuses and Geeks Created the Digital Revolution",,,,"2011","542",,"4.12","39912",,,"https://www.goodreads.com/book/show/21856367-the-innovators"
"7","Walter Isaacson","Other","4.184","Elon Musk",,,,"2015","688",,"4.33","76545",,,"https://www.goodreads.com/book/show/122765395-elon-musk"
"7","Walter Isaacson","Other","4.184","Leonardo da Vinci",,,,"2017","600",,"4.18","129712",,,"https://www.goodreads.com/book/show/34684622-leonardo-da-vinci"
"7","Walter Isaacson","Other","4.184","The Code Breaker: Jennifer Doudna, Gene Editing, and the Future of the Human Race",,,,"2021","536",,"4.28","41410",,,"https://www.goodreads.com/book/show/54968118-the-code-breaker"
"8","Oliver Burkeman","Other","4.16","The Antidote: Happiness for People Who Can't Stand Positive Thinking",,,,"2012","256",,"4.04","16518",,,"https://www.goodreads.com/book/show/13721709-the-antidote"
"8","Oliver Burkeman","Other","4.16","Four Thousand Weeks: Time Management for Mortals",,,,"2021","245",,"4.17","128815",,,"https://www.goodreads.com/book/show/54785515-four-thousand-weeks"
"8","Oliver Burkeman","Other","4.16","Meditations for Mortals: Four Weeks to Embrace Your Limitations and Make Time for What Counts",,,,"2024","208",,"4.27","16797",,,"https://www.goodreads.com/book/show/205363955-meditations-for-mortals"
"9","David Grann","Other","4.155","Killers of the Flower Moon: The Osage Murders and the Birth of the FBI",,,,"2017","338",,"4.14","449779",,,"https://www.goodreads.com/book/show/193388249-killers-of-the-flower-moon"
"9","David Grann","Other","4.155","The Wager: A Tale of Shipwreck, Mutiny and Murder",,,,"2023","352",,"4.17","213025",,,"https://www.goodreads.com/book/show/61714633-the-wager"
"10","David McCullough","Other","4.155","The Johnstown Flood",,,,"1968","302",,"4.13","25571",,,"https://www.goodreads.com/book/show/2371.The_Johnstown_Flood"
"10","David McCullough","Other","4.155","The Great Bridge: The Epic Story of the Building of the Brooklyn Bridge",,,,"1972","608",,"4.26","18689",,,"https://www.goodreads.com/book/show/2369.The_Great_Bridge"
"10","David McCullough","Other","4.155","The Path Between the Seas: The Creation of the Panama Canal, 1870-1914",,,,"1977","698",,"4.22","23200",,,"https://www.goodreads.com/book/show/2372.The_Path_Between_the_Seas"
"10","David McCullough","Other","4.155","Mornings on Horseback",,,,"1981","445",,"4.1","35483",,,"https://www.goodreads.com/book/show/2368.Mornings_on_Horseback"
"10","David McCullough","Other","4.155","Truman",,,,"1992","1120",,"4.17","91690",,,"https://www.goodreads.com/book/show/2279.Truman"
"10","David McCullough","Other","4.155","John Adams",,,,"2001","751",,"4.08","378660",,,"https://www.goodreads.com/book/show/2203.John_Adams"
"10","David McCullough","Other","4.155","1776",,,,"2005","386",,"4.1","249299",,,"https://www.goodreads.com/book/show/1067.1776"
"10","David McCullough","Other","4.155","The Wright Brothers",,,,"2015","320",,"4.18","99016",,,"https://www.goodreads.com/book/show/22609391-the-wright-brothers"
"11","Bill Bryson","Other","4.154","One Summer: America, 1927",,,,"1997","509",,"4.1","54882",,,"https://www.goodreads.com/book/show/17262366-one-summer"
"11","Bill Bryson","Other","4.154","A Walk in the Woods: Rediscovering America on the Appalachian Trail",,,,"1998","397",,"4.07","447205",,,"https://www.goodreads.com/book/show/9791.A_Walk_in_the_Woods"
"11","Bill Bryson","Other","4.154","In a Sunburned Country",,,,"2000","335",,"4.07","122506",,,"https://www.goodreads.com/book/show/24.In_a_Sunburned_Country"
"11","Bill Bryson","Other","4.154","A Short History of Nearly Everything",,,,"2003","544",,"4.22","424383",,,"https://www.goodreads.com/book/show/21.A_Short_History_of_Nearly_Everything"
"11","Bill Bryson","Other","4.154","The Body: A Guide for Occupants",,,,"2019","450",,"4.31","100155",,,"https://www.goodreads.com/book/show/43582376-the-body"
