URL,Genre,Author,Exclude,Include
https://www.goodreads.com/author/list/6474348.Pierce_Brown,Science Fiction,Pierce Brown,Y,
https://www.goodreads.com/author/list/15735471.M_L_Wang,Fantasy,M L Wang,,
https://www.goodreads.com/author/list/5117.Art_Spiegelman,Graphic Novel,Art Spiegelman,,
https://www.goodreads.com/author/list/4459639.J_Zachary_Pike,Fantasy,J Zachary Pike,,
https://www.goodreads.com/author/list/3389.Stephen_King,Thriller,Stephen King,,
https://www.goodreads.com/author/list/54493.Kristin_Hannah,Historical Fiction,Kristin Hannah,,
https://www.goodreads.com/author/list/5898355.John_Gwynne,Fantasy,John Gwynne,,
https://www.goodreads.com/author/list/16917839.Christopher_Ruocchio,Science Fiction,Christopher Ruocchio,,
https://www.goodreads.com/author/list/7125278.Will_Wight,Fantasy,Will Wight,,
https://www.goodreads.com/author/list/3961.Alan_Moore,Graphic Novel,Alan Moore,,
https://www.goodreads.com/author/list/8427407.James_Islington,Fantasy,James Islington,,
https://www.goodreads.com/author/list/87305.Martha_Wells,Science Fiction,Martha Wells,,
https://www.goodreads.com/author/list/7705004.Fonda_Lee,Fantasy,Fonda Lee,,
https://www.goodreads.com/author/list/11231718.Simon_St_lenhag,Science Fiction,Simon St lenhag,,
https://www.goodreads.com/author/list/6540057.Andy_Weir,Science Fiction,Andy Weird,,
https://www.goodreads.com/author/list/1020792.Antoine_de_Saint_Exup_ry,Children,Antoine de Saint Exup ry,,
https://www.goodreads.com/author/list/16820001.R_F_Kuang,Fantasy,R F Kuang,,
https://www.goodreads.com/author/list/1445909.Adrian_Tchaikovsky,Science Fiction,Adrian Tchaikovsky,,
https://www.goodreads.com/author/list/6876324.Tamsyn_Muir,Fantasy,Tamsyn Muir,,
https://www.goodreads.com/author/list/176372.Madeline_Miller,Historical Fiction,Madeline Miller,,
https://www.goodreads.com/author/list/17087338.Evan_Winter,Fantasy,Evan Witner,,
https://www.goodreads.com/author/list/12130438.Dennis_E_Taylor,Science Fiction,Dennis E Taylor,,
https://www.goodreads.com/author/list/1370283.Brent_Weeks,Fantasy,Brent Weeks,,
https://www.goodreads.com/author/list/4339.David_Foster_Wallace,Humor,David Foster Wallace,,
https://www.goodreads.com/author/list/108424.Patrick_Rothfuss,Fantasy,Patrick Rothfuss,,
https://www.goodreads.com/author/list/38550.Brandon_Sanderson,Fantasy,Brandon Sanderson,,
https://www.goodreads.com/author/list/656983.J_R_R_Tolkien,Fantasy,J R R Tolkien,,
https://www.goodreads.com/author/list/999015.Matt_Dinniman,Fantasy,Matt Dinniman,Y,
https://www.goodreads.com/author/list/6252.Robert_Jordan,Fantasy,Robert Jordan,,
https://www.goodreads.com/author/list/4192148.James_S_A_Corey,Science Fiction,James S A Corey,,
https://www.goodreads.com/author/list/276660.Joe_Abercrombie,Fantasy,Joe Abercrombie,,
https://www.goodreads.com/author/list/3137322.Fyodor_Dostoevsky,Classic Fiction,Fyodor Dostoevsky,,
https://www.goodreads.com/author/list/2917917.N_K_Jemisin,Fantasy,N K Jemisin,,
https://www.goodreads.com/author/list/1630.Ray_Bradbury,Science Fiction,Ray Bradbury,,
https://www.goodreads.com/author/list/346732.George_R_R_Martin,Fantasy,George R R Martin,,
https://www.goodreads.com/author/list/15388346.Nicholas_Eames,Fantasy,Nicholas Eames,,
https://www.goodreads.com/author/list/706255.Stieg_Larsson,Thriller,Stieg Larsson,,
https://www.goodreads.com/author/list/1221698.Neil_Gaiman,Fantasy,Neil Gaiman,,
https://www.goodreads.com/author/list/545.Neal_Stephenson,Science Fiction,Neal Stephenson,,
https://www.goodreads.com/author/list/73149.Scott_Lynch,Fantasy,Scott Lynch,,
https://www.goodreads.com/author/list/3447.Ken_Follett,Historical Fiction,Ken Follett,,
https://www.goodreads.com/author/list/29535.Octavia_E_Butler,Science Fiction,Octavia E Butler,,
https://www.goodreads.com/author/list/25307.Robin_Hobb,Fantasy,Robin Hobb,,
https://www.goodreads.com/author/list/4785.Alexandre_Dumas,Classic Fiction,Alexandre Dumas,,
https://www.goodreads.com/author/list/22182916.Travis_Baldree,Fantasy,Travis Baldree,Y,
https://www.goodreads.com/author/list/4764.Philip_K_Dick,Science Fiction,Philip K Dick,,
https://www.goodreads.com/author/list/2917920.Ken_Liu,Fantasy,Ken Liu,,
https://www.goodreads.com/author/list/6417.James_Clavell,Historical Fiction,James Clavell,,
https://www.goodreads.com/author/list/10746.Jim_Butcher,Fantasy,Jim Butcher,,
https://www.goodreads.com/author/list/16667.Isaac_Asimov,Science Fiction,Isaac Asimov,,
https://www.goodreads.com/author/list/5830526.Samantha_Shannon,Fantasy,Samantha Shannon,,
https://www.goodreads.com/author/list/2448.Arthur_Conan_Doyle,Mystery,Arthur Conan Doyle,,
https://www.goodreads.com/author/list/8842.Susanna_Clarke,Fantasy,Susanna Clarke,,
https://www.goodreads.com/author/list/442240.Blake_Crouch,Science Fiction,Blake Crouch,,
https://www.goodreads.com/author/list/60177.Guy_Gavriel_Kay,Fantasy,Guy Gavriel Kay,,
https://www.goodreads.com/author/list/123715.Agatha_Christie,Mystery,Agatha Christie,,
https://www.goodreads.com/author/list/38569.Andrzej_Sapkowski,Fantasy,Andrzej Sapkowski,,
https://www.goodreads.com/author/list/7779.Arthur_C_Clarke,Science Fiction,Arthur C Clarke,,
https://www.goodreads.com/author/list/4721536.Mark_Lawrence,Fantasy,Mark Lawrence,,
https://www.goodreads.com/author/list/3565.Oscar_Wilde,Classic Fiction,Oscar Wilde,,
https://www.goodreads.com/author/list/31232.Steven_Erikson,Fantasy,Steven Erikson,,
https://www.goodreads.com/author/list/3472.Margaret_Atwood,Science Fiction,Margaret Atwood,,
https://www.goodreads.com/author/list/128382.Leo_Tolstoy,Classic Fiction,Leo Tolstoy,,
https://www.goodreads.com/author/list/7168230.V_E_Schwab,Fantasy,V E Schwab,,
https://www.goodreads.com/author/list/205.Robert_A_Heinlein,Science Fiction,Robert A Heinlein,,
https://www.goodreads.com/author/list/13833684.Zamil_Akhtar,Fantasy,Zamil Akhtar,,
https://www.goodreads.com/author/list/3706.George_Orwell,Classic Fiction,George Orwell,,
https://www.goodreads.com/author/list/1654.Terry_Pratchett,Fantasy,Terry Pratchett,,
https://www.goodreads.com/author/list/2687.Dan_Simmons,Science Fiction,Dan Simmons,,
https://www.goodreads.com/author/list/15862877.Rebecca_Roanhorse,Fantasy,Rebecca Roanhorse,,
https://www.goodreads.com/author/list/13974.Mark_Z_Danielewski,Horror,Mark Z Daniewlewski,,
https://www.goodreads.com/author/list/6587.Tad_Williams,Fantasy,Tad Williams,,
https://www.goodreads.com/author/list/4.Douglas_Adams,Science Fiction,Douglas Adams,,
https://www.goodreads.com/author/list/8588.Raymond_E_Feist,Fantasy,Raymond E Feist,,
https://www.goodreads.com/author/list/6988.Bram_Stoker,Horror,Bram Stoker,,
https://www.goodreads.com/author/list/426944.T_H_White,Fantasy,T H White,,Y
https://www.goodreads.com/author/list/3487.Aldous_Huxley,Science Fiction,Aldous Huxley,,
https://www.goodreads.com/author/list/4575289.Leigh_Bardugo,Fantasy,Leigh Bardugo,,
https://www.goodreads.com/author/list/239579.Charles_Dickens,Classic Fiction,Charles Dickens,,
https://www.goodreads.com/author/list/874602.Ursula_K_Le_Guin,Fantasy,Ursula K Le Guin,,
https://www.goodreads.com/author/list/5194.Michael_Crichton,Science Fiction,Michael Crichton,,
https://www.goodreads.com/author/list/13026.Glen_Cook,Fantasy,Glen Cook,,
https://www.goodreads.com/author/list/10029.Colson_Whitehead,Historical Fiction,Colson Whitehead,,
https://www.goodreads.com/author/list/8347.Garth_Nix,Fantasy,Garth Nix,,
https://www.goodreads.com/author/list/9629.Terry_Brooks,Fantasy,Terry Brooks,,
https://www.goodreads.com/author/list/2916869.Robert_Jackson_Bennett,Fantasy,Robert Jackson Bennett,,
https://www.goodreads.com/author/list/6524620.Brian_McClellan,Fantasy,Brian McClellan,,
https://www.goodreads.com/author/list/16218.Christopher_Moore,Humor,Christopher Moore,,
https://www.goodreads.com/author/list/4763.John_Scalzi,Science Fiction,John Scalzi,,
https://www.goodreads.com/author/list/5073330.T_J_Klune,Fantasy,T J Klune,,
https://www.goodreads.com/author/list/589.Orson_Scott_Card,Science Fiction,Orson Scott Card,,
https://www.goodreads.com/author/list/1069006.C_S_Lewis,Fantasy,C S Lewis,,
https://www.goodreads.com/author/list/3618.Philip_Pullman,Fantasy,Philip Pullman,,
https://www.goodreads.com/author/list/16939.Michael_Moorcock,Fantasy,Michael Moorcock,,
https://www.goodreads.com/author/list/4712375.Christopher_Buehlman,Horror,Christopher Buehlman,,
https://www.goodreads.com/author/list/7367300.T_Kingfisher,Fantasy,T Kingfisher,,
https://www.goodreads.com/author/list/23069.Gene_Wolfe,Science Fiction,Gene Wolfe,,
https://www.goodreads.com/author/list/26.Anne_McCaffrey,Fantasy,Anne McCaffrey,,
https://www.goodreads.com/author/list/9494.H_P_Lovecraft,Horror,H P Lovecraft,,
https://www.goodreads.com/author/list/21101646.Ryan_Cahill,Fantasy,Ryan Cahill,,
https://www.goodreads.com/author/list/1159886.Arkady_Strugatsky,Science Fiction,Arkady Strugatsky,,
https://www.goodreads.com/author/list/4735144.Jay_Kristoff,Fantasy,Jay Kristoff,,
https://www.goodreads.com/author/list/4273.Roald_Dahl,Children,Roald Dahl,,
https://www.goodreads.com/author/list/1405152.Peter_V_Brett,Fantasy,Peter V Brett,,
https://www.goodreads.com/author/list/130698.Ted_Chiang,Science Fiction,Ted Chiang,,
https://www.goodreads.com/author/list/6949698.Katherine_Addison,Fantasy,Katherine Addison,,
https://www.goodreads.com/author/list/6572605.Taylor_Jenkins_Reid,Historical Fiction,Taylor Jenkins Reid,,
https://www.goodreads.com/author/list/3399559.David_Dalglish,Fantasy,David Daglish,,
https://www.goodreads.com/author/list/7415.Harlan_Ellison,Science Fiction,Harlan Ellison,,Y
https://www.goodreads.com/author/list/5805600.Morgan_Ryan,Fantasy,Morgan Ryna,,
https://www.goodreads.com/author/list/12542.Bernard_Cornwell,Historical Fiction,Bernard Cornwell,,
https://www.goodreads.com/author/list/16002992.S_A_Chakraborty,Fantasy,S A Chakraborty,,
https://www.goodreads.com/author/list/3159299.Dmitry_Glukhovsky,Science Fiction,Dmitry Glukhovsky,,Y
https://www.goodreads.com/author/list/5804101.Anthony_Ryan,Fantasy,Anthony Ryan,,
https://www.goodreads.com/author/list/38951.John_Connolly,Mystery,John Connolly,,
https://www.goodreads.com/author/list/16094.Lois_McMaster_Bujold,Fantasy,Lois McMaster Bujold,,
https://www.goodreads.com/author/list/8352974.qntm,Science Fiction,qntm,,
https://www.goodreads.com/author/list/1301649.L_E_Modesitt_Jr_,Fantasy,L E Modesitt Jr,,
https://www.goodreads.com/author/list/145435.Kentaro_Miura,Manga,Kentaro Miura,,
https://www.goodreads.com/author/list/4841825.Marion_Zimmer_Bradley,Fantasy,Marion Zimmer Bradley,,
https://www.goodreads.com/author/list/10538.Carl_Sagan,Science Fiction,Carl Sagan,,
https://www.goodreads.com/author/list/12521.William_Goldman,Fantasy,William Goldman,,
https://www.goodreads.com/author/list/88506.Joe_Hill,Horror,Joe Hill,,
https://www.goodreads.com/author/list/1067608.Peter_S_Beagle,Fantasy,Peter S Beagle,,
https://www.goodreads.com/author/list/5780686.Liu_Cixin,Science Fiction,Liu Cixin,,
https://www.goodreads.com/author/list/7058667.Nghi_Vo,Fantasy,Nghi Vo,,
https://www.goodreads.com/author/list/8726.Richard_Matheson,Horror,Richard Matheson,,
https://www.goodreads.com/author/list/2063919.Michael_J_Sullivan,Fantasy,Michael J Sullivan,,
https://www.goodreads.com/author/list/588356.Nnedi_Okorafor,Science Fiction,Nnedi Okorafor,,
https://www.goodreads.com/author/list/40563.Patricia_Briggs,Fantasy,Patricia Briggs,,
https://www.goodreads.com/author/list/8164.Lewis_Carroll,Children,Lewis Carroll,,
https://www.goodreads.com/author/list/10518.Elizabeth_Moon,Fantasy,Elizabeth Moon,,
https://www.goodreads.com/author/list/20891490.Barbara_Truelove,Science Fiction,Barbara Truelove,,
https://www.goodreads.com/author/list/869.Margaret_Weis,Fantasy,Margaret Weis,,
https://www.goodreads.com/author/list/7182576.Antonia_Hodgson,Historical Fiction,Antonia Hodgson,,
https://www.goodreads.com/author/list/3064305.Hugh_Howey,Science Fiction,Hugh Howey,,
