Author,Title
Matt Dinniman,"Dominion of Blades (Dominion of Blades, #1)"
Matt Dinniman,"The Hobgoblin Riot (Dominion of Blades, #2)"
Matt Dinniman,"Dungeon Crawler Carl (Dungeon Crawler Carl, #1)"
Matt Dinniman,"Carl's Doomsday Scenario (Dungeon Crawler Carl, #2)"
Matt Dinniman,"The Dungeon Anarchist's Cookbook (Dungeon Crawler Carl, #3)"
Matt Dinniman,"The Gate of the Feral Gods (Dungeon Crawler Carl, #4)"
Matt Dinniman,"The Butcher's Masquerade (Dungeon Crawler Carl, #5)"
Matt Dinniman,"The Eye of the Bedlam Bride (Dungeon Crawler Carl, #6)"
Matt Dinniman,"This Inevitable Ruin (Dungeon Crawler Carl, #7)"
